Workbook

Sheet Resumo
A1: N | B1: Energia | C1: Tempo Exe | D1: Tempo CPU | E1: Potência Exe | F1: Potência CPU
A3: Bolha v1
A4: 10000 | B4: =MEDIAN('Bubble Versão 1'!D2:D11) -> 98.175 | C4: =MEDIAN('Bubble Versão 1'!E2:E11) -> 3078.029 | D4: =MEDIAN('Bubble Versão 1'!H2:H11) -> 3086.745 | E4: =B4/C4 -> 0.031895411 | F4: =B4/D4 -> 0.031805348
A5: 20000 | B5: =MEDIAN('Bubble Versão 1'!D12:D21) -> 423.79 | C5: =MEDIAN('Bubble Versão 1'!E12:E21) -> 12060.286 | D5: =MEDIAN('Bubble Versão 1'!H12:H21) -> 12067.2 | E5: =B5/C5 -> 0.035139299 | F5: =B5/D5 -> 0.035119167
A6: 50000 | B6: =MEDIAN('Bubble Versão 1'!D22:D31) -> 2613.155 | C6: =MEDIAN('Bubble Versão 1'!E22:E31) -> 77476.136 | D6: =MEDIAN('Bubble Versão 1'!H22:H31) -> 77482.135 | E6: =B6/C6 -> 0.033728515 | F6: =B6/D6 -> 0.033725904
A8: Bolha v2
A9: 10000 | B9: =MEDIAN('Bubble Versão 2'!D2:D11) -> 102.71 | C9: =MEDIAN('Bubble Versão 2'!E2:E11) -> 3135.461 | D9: =MEDIAN('Bubble Versão 2'!H2:H11) -> 3141.4665 | E9: =B9/C9 -> 0.032757543 | F9: =B9/D9 -> 0.032694921
A10: 20000 | B10: =MEDIAN('Bubble Versão 2'!D12:D21) -> 441.025 | C10: =MEDIAN('Bubble Versão 2'!E12:E21) -> 12610.511 | D10: =MEDIAN('Bubble Versão 2'!H12:H21) -> 12614.512 | E10: =B10/C10 -> 0.03497281 | F10: =B10/D10 -> 0.034961717
A11: 50000 | B11: =MEDIAN('Bubble Versão 2'!D22:D31) -> 2785.89 | C11: =MEDIAN('Bubble Versão 2'!E22:E31) -> 78049.072 | D11: =MEDIAN('Bubble Versão 2'!H22:H31) -> 78061.072 | E11: =B11/C11 -> 0.035694082 | F11: =B11/D11 -> 0.035688595
A13: Insertion v1
A14: 10000 | B14: =MEDIAN('Insertion Versão 1'!D2:D11) -> 39.44 | C14: =MEDIAN('Insertion Versão 1'!E2:E11) -> 1247.2065 | D14: =MEDIAN('Insertion Versão 1'!H2:H11) -> 1250.916 | E14: =B14/C14 -> 0.03162267 | F14: =B14/D14 -> 0.031528896
A15: 20000 | B15: =MEDIAN('Insertion Versão 1'!D12:D21) -> 166.54 | C15: =MEDIAN('Insertion Versão 1'!E12:E21) -> 5002.174 | D15: =MEDIAN('Insertion Versão 1'!H12:H21) -> 5006.1705 | E15: =B15/C15 -> 0.033293524 | F15: =B15/D15 -> 0.033266945
A16: 50000 | B16: =MEDIAN('Insertion Versão 1'!D22:D31) -> 1312.845 | C16: =MEDIAN('Insertion Versão 1'!E22:E31) -> 35786.788 | D16: =MEDIAN('Insertion Versão 1'!H22:H31) -> 35794.787 | E16: =B16/C16 -> 0.036685187 | F16: =B16/D16 -> 0.036676989
A18: Insertion v2
A19: 10000 | B19: =MEDIAN('Insertion Versão 2'!D2:D11) -> 1.465 | C19: =MEDIAN('Insertion Versão 2'!E2:E11) -> 50.5735 | D19: =MEDIAN('Insertion Versão 2'!H2:H11) -> 54.526 | E19: =B19/C19 -> 0.02896774 | F19: =B19/D19 -> 0.026867916
A20: 20000 | B20: =MEDIAN('Insertion Versão 2'!D12:D21) -> 4.22 | C20: =MEDIAN('Insertion Versão 2'!E12:E21) -> 149.552 | D20: =MEDIAN('Insertion Versão 2'!H12:H21) -> 151.385 | E20: =B20/C20 -> 0.02821761 | F20: =B20/D20 -> 0.027875945
A21: 50000 | B21: =MEDIAN('Insertion Versão 2'!D22:D31) -> 24.7 | C21: =MEDIAN('Insertion Versão 2'!E22:E31) -> 813.723 | D21: =MEDIAN('Insertion Versão 2'!H22:H31) -> 820.403 | E21: =B21/C21 -> 0.03035431 | F21: =B21/D21 -> 0.030107155
A23: Selection v1
A24: 10000 | B24: =MEDIAN('Selection Versão 1'!D2:D11) -> 40.835 | C24: =MEDIAN('Selection Versão 1'!E2:E11) -> 1316.749 | D24: =MEDIAN('Selection Versão 1'!H2:H11) -> 1317.135 | E24: =B24/C24 -> 0.031011985 | F24: =B24/D24 -> 0.031002896
A25: 20000 | B25: =MEDIAN('Selection Versão 1'!D12:D21) -> 162.065 | C25: =MEDIAN('Selection Versão 1'!E12:E21) -> 5217.316 | D25: =MEDIAN('Selection Versão 1'!H12:H21) -> 5222.5365 | E25: =B25/C25 -> 0.031062907 | F25: =B25/D25 -> 0.031031856
A26: 50000 | B26: =MEDIAN('Selection Versão 1'!D22:D31) -> 1090.405 | C26: =MEDIAN('Selection Versão 1'!E22:E31) -> 32258.913 | D26: =MEDIAN('Selection Versão 1'!H22:H31) -> 32266.911 | E26: =B26/C26 -> 0.033801666 | F26: =B26/D26 -> 0.033793287
A28: Selection v2
A29: 10000 | B29: =MEDIAN('Selection Versão 2'!D2:D11) -> 1.275 | C29: =MEDIAN('Selection Versão 2'!E2:E11) -> 37.4185 | D29: =MEDIAN('Selection Versão 2'!H2:H11) -> 42.576 | E29: =B29/C29 -> 0.034074054 | F29: =B29/D29 -> 0.029946449
A30: 20000 | B30: =MEDIAN('Selection Versão 2'!D12:D21) -> 2.215 | C30: =MEDIAN('Selection Versão 2'!E12:E21) -> 66.034 | D30: =MEDIAN('Selection Versão 2'!H12:H21) -> 69.934 | E30: =B30/C30 -> 0.033543326 | F30: =B30/D30 -> 0.03167272
A31: 50000 | B31: =MEDIAN('Selection Versão 2'!D22:D31) -> 4.55 | C31: =MEDIAN('Selection Versão 2'!E22:E31) -> 155.2725 | D31: =MEDIAN('Selection Versão 2'!H22:H31) -> 158.3295 | E31: =B31/C31 -> 0.029303322 | F31: =B31/D31 -> 0.028737538

Sheet Todos os dados
A1: Versão | B1: Tamanho Array | C1: Arquivo | D1: Consumo Energia (Joules) | E1: User Time (ms) | F1: System Time (ms) | G1: Duration Time (ms) | H1: CPU Time (ms) | J1: Versão | K1: Tamanho Array | L1: Arquivo | M1: Consumo Energia (Joules) | N1: User Time (ms) | O1: System Time (ms) | P1: Duration Time (ms) | Q1: CPU Time (ms) | S1: Versão | T1: Tamanho Array | U1: Arquivo | V1: Consumo Energia (Joules) | W1: User Time (ms) | X1: System Time (ms) | Y1: Duration Time (ms) | Z1: CPU Time (ms)
A2: v1 | B2: 10000 | C2: bolha_v1_10_10000.csv | D2: 97.97 | E2: 3070.997 | F2: 7.997 | G2: 3087.4113 | H2: 3078.994 | J2: v1 | K2: 10000 | L2: insertion_v1_10_10000.csv | M2: 38.83 | N2: 1253.298 | O2: 0 | P2: 1260.9769 | Q2: 1253.298 | S2: v1 | T2: 10000 | U2: selection_v1_10000_1.csv | V2: 39.51 | W2: 1319.765 | X2: 3.987 | Y2: 1332.2316 | Z2: 1323.752
A3: v1 | B3: 10000 | C3: bolha_v1_1_10000.csv | D3: 96.12 | E3: 3089.553 | F3: 3.996 | G3: 3104.2982 | H3: 3093.549 | J3: v1 | K3: 10000 | L3: insertion_v1_1_10000.csv | M3: 47.19 | N3: 1477.667 | O3: 8.009 | P3: 1506.4662 | Q3: 1485.676 | S3: v1 | T3: 10000 | U3: selection_v1_10000_10.csv | V3: 41.05 | W3: 1315.625 | X3: 0 | Y3: 1322.7336 | Z3: 1315.625
A4: v1 | B4: 10000 | C4: bolha_v1_2_10000.csv | D4: 98.43 | E4: 3073.786 | F4: 7.994 | G4: 3089.1823 | H4: 3081.78 | J4: v1 | K4: 10000 | L4: insertion_v1_2_10000.csv | M4: 39.2 | N4: 1255.397 | O4: 0 | P4: 1264.0214 | Q4: 1255.397 | S4: v1 | T4: 10000 | U4: selection_v1_10000_2.csv | V4: 40.27 | W4: 1317.873 | X4: 0 | Y4: 1325.2971 | Z4: 1317.873
A5: v1 | B5: 10000 | C5: bolha_v1_3_10000.csv | D5: 98.38 | E5: 3087.715 | F5: 0 | G5: 3096.2761 | H5: 3087.715 | J5: v1 | K5: 10000 | L5: insertion_v1_3_10000.csv | M5: 46.22 | N5: 1478.01 | O5: 11.951 | P5: 1497.6942 | Q5: 1489.961 | S5: v1 | T5: 10000 | U5: selection_v1_10000_3.csv | V5: 40.12 | W5: 1311.748 | X5: 3.987 | Y5: 1323.7264 | Z5: 1315.735
A6: v1 | B6: 10000 | C6: bolha_v1_4_10000.csv | D6: 100 | E6: 3081.968 | F6: 8.005 | G6: 3097.3774 | H6: 3089.973 | J6: v1 | K6: 10000 | L6: insertion_v1_4_10000.csv | M6: 40.03 | N6: 1248.544 | O6: 3.988 | P6: 1259.8775 | Q6: 1252.532 | S6: v1 | T6: 10000 | U6: selection_v1_10000_4.csv | V6: 40.67 | W6: 1287.383 | X6: 4.023 | Y6: 1297.8358 | Z6: 1291.406
A7: v1 | B7: 10000 | C7: bolha_v1_5_10000.csv | D7: 94.6 | E7: 2989.199 | F7: 3.996 | G7: 3002.5867 | H7: 2993.195 | J7: v1 | K7: 10000 | L7: insertion_v1_5_10000.csv | M7: 39.21 | N7: 1244.993 | O7: 4.003 | P7: 1256.5905 | Q7: 1248.996 | S7: v1 | T7: 10000 | U7: selection_v1_10000_5.csv | V7: 38.99 | W7: 1319.754 | X7: 4.011 | Y7: 1330.7964 | Z7: 1323.765
A8: v1 | B8: 10000 | C8: bolha_v1_6_10000.csv | D8: 98.95 | E8: 3078.266 | F8: 12.008 | G8: 3097.8872 | H8: 3090.274 | J8: v1 | K8: 10000 | L8: insertion_v1_6_10000.csv | M8: 39.26 | N8: 1241.343 | O8: 7.957 | P8: 1257.6668 | Q8: 1249.3 | S8: v1 | T8: 10000 | U8: selection_v1_10000_6.csv | V8: 41.15 | W8: 1312.408 | X8: 3.989 | Y8: 1324.1872 | Z8: 1316.397
A9: v1 | B9: 10000 | C9: bolha_v1_7_10000.csv | D9: 97.21 | E9: 2986.025 | F9: 11.992 | G9: 3007.5467 | H9: 2998.017 | J9: v1 | K9: 10000 | L9: insertion_v1_7_10000.csv | M9: 39.82 | N9: 1245.869 | O9: 0 | P9: 1255.5643 | Q9: 1245.869 | S9: v1 | T9: 10000 | U9: selection_v1_10000_7.csv | V9: 41.82 | W9: 1317.911 | X9: 4.005 | Y9: 1328.945 | Z9: 1321.916
A10: v1 | B10: 10000 | C10: bolha_v1_8_10000.csv | D10: 96.92 | E10: 3079.764 | F10: 7.999 | G10: 3094.5037 | H10: 3087.763 | J10: v1 | K10: 10000 | L10: insertion_v1_8_10000.csv | M10: 39.6 | N10: 1240.236 | O10: 3.987 | P10: 1252.9761 | Q10: 1244.223 | S10: v1 | T10: 10000 | U10: selection_v1_10000_8.csv | V10: 41 | W10: 1277.373 | X10: 8.033 | Y10: 1293.848 | Z10: 1285.406
A11: v1 | B11: 10000 | C11: bolha_v1_9_10000.csv | D11: 102.3 | E11: 3077.792 | F11: 7.983 | G11: 3092.6075 | H11: 3085.775 | J11: v1 | K11: 10000 | L11: insertion_v1_9_10000.csv | M11: 39.28 | N11: 1244.919 | O11: 3.99 | P11: 1258.8047 | Q11: 1248.909 | S11: v1 | T11: 10000 | U11: selection_v1_10000_9.csv | V11: 41.07 | W11: 1360.072 | X11: 4.012 | Y11: 1374.2439 | Z11: 1364.084
A12: v1 | B12: 20000 | C12: bubble_v1_10_20000.csv | D12: 429.2 | E12: 12040.858 | F12: 7.997 | G12: 12071.316 | H12: 12048.855 | J12: v1 | K12: 20000 | L12: insertion_v1_10_20000.csv | M12: 165.99 | N12: 4979.692 | O12: 3.996 | P12: 5004.519 | Q12: 4983.688 | S12: v1 | T12: 20000 | U12: selection_v1_20000_1.csv | V12: 162.84 | W12: 5214.18 | X12: 3.998 | Y12: 5224.5933 | Z12: 5218.178
A13: v1 | B13: 20000 | C13: bubble_v1_1_20000.csv | D13: 412 | E13: 12072.854 | F13: 7.997 | G13: 12103.335 | H13: 12080.851 | J13: v1 | K13: 20000 | L13: insertion_v1_1_20000.csv | M13: 166.64 | N13: 5025.674 | O13: 0 | P13: 5049.5732 | Q13: 5025.674 | S13: v1 | T13: 20000 | U13: selection_v1_20000_10.csv | V13: 159.95 | W13: 5226.302 | X13: 3.998 | Y13: 5249.4147 | Z13: 5230.3
... A61: v2 | B61: 50000 | C61: bubble_v2_9_50000.csv | D61: 2860.86 | E61: 79366.513 | F61: 0 | G61: 79389.507 | H61: 79366.513 | J61: v2 | K61: 50000 | L61: insertion_v2_50000_9.csv | M61: 24.78 | N61: 815.211 | O61: 7.992 | P61: 842.54164 | Q61: 823.203 | S61: v2 | T61: 50000 | U61: selection_v2_50000_9.csv | V61: 4.67 | W61: 155.152 | X61: 0 | Y61: 175.04152 | Z61: 155.152

Sheet Todos os Dados (bubble)
A1: Versão | B1: Tamanho Array | C1: Arquivo | D1: Consumo Energia (Joules) | E1: User Time (ms) | F1: System Time (ms) | G1: Duration Time (ms) | H1: CPU Time (ms)
A2: v1 | B2: 10000 | C2: bolha_v1_10_10000.csv | D2: 97.97 | E2: 3070.997 | F2: 7.997 | G2: 3087.4113 | H2: 3078.994
A3: v1 | B3: 10000 | C3: bolha_v1_1_10000.csv | D3: 96.12 | E3: 3089.553 | F3: 3.996 | G3: 3104.2982 | H3: 3093.549
A4: v1 | B4: 10000 | C4: bolha_v1_2_10000.csv | D4: 98.43 | E4: 3073.786 | F4: 7.994 | G4: 3089.1823 | H4: 3081.78
A5: v1 | B5: 10000 | C5: bolha_v1_3_10000.csv | D5: 98.38 | E5: 3087.715 | F5: 0 | G5: 3096.2761 | H5: 3087.715
A6: v1 | B6: 10000 | C6: bolha_v1_4_10000.csv | D6: 100 | E6: 3081.968 | F6: 8.005 | G6: 3097.3774 | H6: 3089.973
A7: v1 | B7: 10000 | C7: bolha_v1_5_10000.csv | D7: 94.6 | E7: 2989.199 | F7: 3.996 | G7: 3002.5867 | H7: 2993.195
A8: v1 | B8: 10000 | C8: bolha_v1_6_10000.csv | D8: 98.95 | E8: 3078.266 | F8: 12.008 | G8: 3097.8872 | H8: 3090.274
A9: v1 | B9: 10000 | C9: bolha_v1_7_10000.csv | D9: 97.21 | E9: 2986.025 | F9: 11.992 | G9: 3007.5467 | H9: 2998.017
A10: v1 | B10: 10000 | C10: bolha_v1_8_10000.csv | D10: 96.92 | E10: 3079.764 | F10: 7.999 | G10: 3094.5037 | H10: 3087.763
A11: v1 | B11: 10000 | C11: bolha_v1_9_10000.csv | D11: 102.3 | E11: 3077.792 | F11: 7.983 | G11: 3092.6075 | H11: 3085.775
A12: v1 | B12: 20000 | C12: bubble_v1_10_20000.csv | D12: 429.2 | E12: 12040.858 | F12: 7.997 | G12: 12071.316 | H12: 12048.855
A13: v1 | B13: 20000 | C13: bubble_v1_1_20000.csv | D13: 412 | E13: 12072.854 | F13: 7.997 | G13: 12103.335 | H13: 12080.851
... A61: v2 | B61: 50000 | C61: bubble_v2_9_50000.csv | D61: 2860.86 | E61: 79366.513 | F61: 0 | G61: 79389.507 | H61: 79366.513

Sheet Bubble Versão 1
A1: Versão | B1: Tamanho Array | C1: Arquivo | D1: Consumo Energia (Joules) | E1: User Time (ms) | F1: System Time (ms) | G1: Duration Time (ms) | H1: CPU Time (ms)
A2: v1 | B2: 10000 | C2: bolha_v1_10_10000.csv | D2: 97.97 | E2: 3070.997 | F2: 7.997 | G2: 3087.4113 | H2: 3078.994
A3: v1 | B3: 10000 | C3: bolha_v1_1_10000.csv | D3: 96.12 | E3: 3089.553 | F3: 3.996 | G3: 3104.2982 | H3: 3093.549
A4: v1 | B4: 10000 | C4: bolha_v1_2_10000.csv | D4: 98.43 | E4: 3073.786 | F4: 7.994 | G4: 3089.1823 | H4: 3081.78
A5: v1 | B5: 10000 | C5: bolha_v1_3_10000.csv | D5: 98.38 | E5: 3087.715 | F5: 0 | G5: 3096.2761 | H5: 3087.715
A6: v1 | B6: 10000 | C6: bolha_v1_4_10000.csv | D6: 100 | E6: 3081.968 | F6: 8.005 | G6: 3097.3774 | H6: 3089.973
A7: v1 | B7: 10000 | C7: bolha_v1_5_10000.csv | D7: 94.6 | E7: 2989.199 | F7: 3.996 | G7: 3002.5867 | H7: 2993.195
A8: v1 | B8: 10000 | C8: bolha_v1_6_10000.csv | D8: 98.95 | E8: 3078.266 | F8: 12.008 | G8: 3097.8872 | H8: 3090.274
A9: v1 | B9: 10000 | C9: bolha_v1_7_10000.csv | D9: 97.21 | E9: 2986.025 | F9: 11.992 | G9: 3007.5467 | H9: 2998.017
A10: v1 | B10: 10000 | C10: bolha_v1_8_10000.csv | D10: 96.92 | E10: 3079.764 | F10: 7.999 | G10: 3094.5037 | H10: 3087.763
A11: v1 | B11: 10000 | C11: bolha_v1_9_10000.csv | D11: 102.3 | E11: 3077.792 | F11: 7.983 | G11: 3092.6075 | H11: 3085.775
A12: v1 | B12: 20000 | C12: bubble_v1_10_20000.csv | D12: 429.2 | E12: 12040.858 | F12: 7.997 | G12: 12071.316 | H12: 12048.855
A13: v1 | B13: 20000 | C13: bubble_v1_1_20000.csv | D13: 412 | E13: 12072.854 | F13: 7.997 | G13: 12103.335 | H13: 12080.851
... A31: v1 | B31: 50000 | C31: bubble_v1_50000_9.csv | D31: 2664.98 | E31: 77568.726 | F31: 8 | G31: 77617.967 | H31: 77576.726

Sheet Bubble Versão 2
A1: Versão | B1: Tamanho Array | C1: Arquivo | D1: Consumo Energia (Joules) | E1: User Time (ms) | F1: System Time (ms) | G1: Duration Time (ms) | H1: CPU Time (ms)
A2: v2 | B2: 10000 | C2: bolha_v2_10_10000.csv | D2: 103 | E2: 3135.988 | F2: 3.994 | G2: 3148.4146 | H2: 3139.982
A3: v2 | B3: 10000 | C3: bolha_v2_1_10000.csv | D3: 100.06 | E3: 3039.036 | F3: 4.009 | G3: 3050.8995 | H3: 3043.045
A4: v2 | B4: 10000 | C4: bolha_v2_2_10000.csv | D4: 103.11 | E4: 3150.145 | F4: 0 | G4: 3162.5693 | H4: 3150.145
A5: v2 | B5: 10000 | C5: bolha_v2_3_10000.csv | D5: 103.66 | E5: 3142.764 | F5: 4.003 | G5: 3154.0815 | H5: 3146.767
A6: v2 | B6: 10000 | C6: bolha_v2_4_10000.csv | D6: 100.97 | E6: 3140.344 | F6: 4 | G6: 3152.0852 | H6: 3144.344
A7: v2 | B7: 10000 | C7: bolha_v2_5_10000.csv | D7: 103.24 | E7: 3145.4 | F7: 0 | G7: 3155.3432 | H7: 3145.4
A8: v2 | B8: 10000 | C8: bolha_v2_6_10000.csv | D8: 99.9 | E8: 3134.934 | F8: 8.017 | G8: 3150.3445 | H8: 3142.951
A9: v2 | B9: 10000 | C9: bolha_v2_7_10000.csv | D9: 101.58 | E9: 3039.797 | F9: 4.005 | G9: 3050.3232 | H9: 3043.802
A10: v2 | B10: 10000 | C10: bolha_v2_8_10000.csv | D10: 104.94 | E10: 3129.594 | F10: 7.993 | G10: 3146.8499 | H10: 3137.587
A11: v2 | B11: 10000 | C11: bolha_v2_9_10000.csv | D11: 102.42 | E11: 3032.375 | F11: 8 | G11: 3047.5008 | H11: 3040.375
A12: v2 | B12: 20000 | C12: bubble_v2_10_20000.csv | D12: 445.81 | E12: 12605.617 | F12: 4.003 | G12: 12630.387 | H12: 12609.62
A13: v2 | B13: 20000 | C13: bubble_v2_1_20000.csv | D13: 440.12 | E13: 12225.409 | F13: 3.999 | G13: 12255.521 | H13: 12229.408
... A31: v2 | B31: 50000 | C31: bubble_v2_9_50000.csv | D31: 2860.86 | E31: 79366.513 | F31: 0 | G31: 79389.507 | H31: 79366.513

Sheet Todos os Dados (insertion)
A1: Versão | B1: Tamanho Array | C1: Arquivo | D1: Consumo Energia (Joules) | E1: User Time (ms) | F1: System Time (ms) | G1: Duration Time (ms) | H1: CPU Time (ms)
A2: v1 | B2: 10000 | C2: insertion_v1_10_10000.csv | D2: 38.83 | E2: 1253.298 | F2: 0 | G2: 1260.9769 | H2: 1253.298
A3: v1 | B3: 10000 | C3: insertion_v1_1_10000.csv | D3: 47.19 | E3: 1477.667 | F3: 8.009 | G3: 1506.4662 | H3: 1485.676
A4: v1 | B4: 10000 | C4: insertion_v1_2_10000.csv | D4: 39.2 | E4: 1255.397 | F4: 0 | G4: 1264.0214 | H4: 1255.397
A5: v1 | B5: 10000 | C5: insertion_v1_3_10000.csv | D5: 46.22 | E5: 1478.01 | F5: 11.951 | G5: 1497.6942 | H5: 1489.961
A6: v1 | B6: 10000 | C6: insertion_v1_4_10000.csv | D6: 40.03 | E6: 1248.544 | F6: 3.988 | G6: 1259.8775 | H6: 1252.532
A7: v1 | B7: 10000 | C7: insertion_v1_5_10000.csv | D7: 39.21 | E7: 1244.993 | F7: 4.003 | G7: 1256.5905 | H7: 1248.996
A8: v1 | B8: 10000 | C8: insertion_v1_6_10000.csv | D8: 39.26 | E8: 1241.343 | F8: 7.957 | G8: 1257.6668 | H8: 1249.3
A9: v1 | B9: 10000 | C9: insertion_v1_7_10000.csv | D9: 39.82 | E9: 1245.869 | F9: 0 | G9: 1255.5643 | H9: 1245.869
A10: v1 | B10: 10000 | C10: insertion_v1_8_10000.csv | D10: 39.6 | E10: 1240.236 | F10: 3.987 | G10: 1252.9761 | H10: 1244.223
A11: v1 | B11: 10000 | C11: insertion_v1_9_10000.csv | D11: 39.28 | E11: 1244.919 | F11: 3.99 | G11: 1258.8047 | H11: 1248.909
A12: v1 | B12: 20000 | C12: insertion_v1_10_20000.csv | D12: 165.99 | E12: 4979.692 | F12: 3.996 | G12: 5004.519 | H12: 4983.688
A13: v1 | B13: 20000 | C13: insertion_v1_1_20000.csv | D13: 166.64 | E13: 5025.674 | F13: 0 | G13: 5049.5732 | H13: 5025.674
... A61: v2 | B61: 50000 | C61: insertion_v2_50000_9.csv | D61: 24.78 | E61: 815.211 | F61: 7.992 | G61: 842.54164 | H61: 823.203

Sheet Insertion Versão 1
A1: Versão | B1: Tamanho Array | C1: Arquivo | D1: Consumo Energia (Joules) | E1: User Time (ms) | F1: System Time (ms) | G1: Duration Time (ms) | H1: CPU Time (ms)
A2: v1 | B2: 10000 | C2: insertion_v1_10_10000.csv | D2: 38.83 | E2: 1253.298 | F2: 0 | G2: 1260.9769 | H2: 1253.298
A3: v1 | B3: 10000 | C3: insertion_v1_1_10000.csv | D3: 47.19 | E3: 1477.667 | F3: 8.009 | G3: 1506.4662 | H3: 1485.676
A4: v1 | B4: 10000 | C4: insertion_v1_2_10000.csv | D4: 39.2 | E4: 1255.397 | F4: 0 | G4: 1264.0214 | H4: 1255.397
A5: v1 | B5: 10000 | C5: insertion_v1_3_10000.csv | D5: 46.22 | E5: 1478.01 | F5: 11.951 | G5: 1497.6942 | H5: 1489.961
A6: v1 | B6: 10000 | C6: insertion_v1_4_10000.csv | D6: 40.03 | E6: 1248.544 | F6: 3.988 | G6: 1259.8775 | H6: 1252.532
A7: v1 | B7: 10000 | C7: insertion_v1_5_10000.csv | D7: 39.21 | E7: 1244.993 | F7: 4.003 | G7: 1256.5905 | H7: 1248.996
A8: v1 | B8: 10000 | C8: insertion_v1_6_10000.csv | D8: 39.26 | E8: 1241.343 | F8: 7.957 | G8: 1257.6668 | H8: 1249.3
A9: v1 | B9: 10000 | C9: insertion_v1_7_10000.csv | D9: 39.82 | E9: 1245.869 | F9: 0 | G9: 1255.5643 | H9: 1245.869
A10: v1 | B10: 10000 | C10: insertion_v1_8_10000.csv | D10: 39.6 | E10: 1240.236 | F10: 3.987 | G10: 1252.9761 | H10: 1244.223
A11: v1 | B11: 10000 | C11: insertion_v1_9_10000.csv | D11: 39.28 | E11: 1244.919 | F11: 3.99 | G11: 1258.8047 | H11: 1248.909
A12: v1 | B12: 20000 | C12: insertion_v1_10_20000.csv | D12: 165.99 | E12: 4979.692 | F12: 3.996 | G12: 5004.519 | H12: 4983.688
A13: v1 | B13: 20000 | C13: insertion_v1_1_20000.csv | D13: 166.64 | E13: 5025.674 | F13: 0 | G13: 5049.5732 | H13: 5025.674
... A31: v1 | B31: 50000 | C31: insertion_v1_9_50000.csv | D31: 1066.43 | E31: 31332.246 | F31: 3.999 | G31: 31377.232 | H31: 31336.245

Sheet Insertion  Versão 2
A1: Versão | B1: Tamanho Array | C1: Arquivo | D1: Consumo Energia (Joules) | E1: User Time (ms) | F1: System Time (ms) | G1: Duration Time (ms) | H1: CPU Time (ms)
A2: v2 | B2: 10000 | C2: insertion_v2_10000_1.csv | D2: 1.59 | E2: 49.54 | F2: 4.128 | G2: 62.456492 | H2: 53.668
A3: v2 | B3: 10000 | C3: insertion_v2_10000_10.csv | D3: 1.45 | E3: 50.379 | F3: 3.875 | G3: 59.98596 | H3: 54.254
A4: v2 | B4: 10000 | C4: insertion_v2_10000_2.csv | D4: 1.48 | E4: 50.884 | F4: 3.914 | G4: 61.385467 | H4: 54.798
A5: v2 | B5: 10000 | C5: insertion_v2_10000_3.csv | D5: 1.52 | E5: 49.799 | F5: 3.83 | G5: 59.378404 | H5: 53.629
A6: v2 | B6: 10000 | C6: insertion_v2_10000_4.csv | D6: 1.34 | E6: 52.688 | F6: 4.052 | G6: 63.914627 | H6: 56.74
A7: v2 | B7: 10000 | C7: insertion_v2_10000_5.csv | D7: 1.4 | E7: 50.768 | F7: 4.23 | G7: 61.701113 | H7: 54.998
A8: v2 | B8: 10000 | C8: insertion_v2_10000_6.csv | D8: 1.38 | E8: 49.27 | F8: 7.58 | G8: 64.236911 | H8: 56.85
A9: v2 | B9: 10000 | C9: insertion_v2_10000_7.csv | D9: 1.49 | E9: 46.96 | F9: 7.224 | G9: 61.671445 | H9: 54.184
A10: v2 | B10: 10000 | C10: insertion_v2_10000_8.csv | D10: 1.3 | E10: 60.346 | F10: 0 | G10: 73.712485 | H10: 60.346
A11: v2 | B11: 10000 | C11: insertion_v2_10000_9.csv | D11: 1.49 | E11: 53.1 | F11: 0 | G11: 59.968928 | H11: 53.1
A12: v2 | B12: 20000 | C12: insertion_v2_20000_1.csv | D12: 4.36 | E12: 151.209 | F12: 0 | G12: 172.61567 | H12: 151.209
A13: v2 | B13: 20000 | C13: insertion_v2_20000_10.csv | D13: 4.36 | E13: 151.137 | F13: 0 | G13: 171.0683 | H13: 151.137
... A31: v2 | B31: 50000 | C31: insertion_v2_50000_9.csv | D31: 24.78 | E31: 815.211 | F31: 7.992 | G31: 842.54164 | H31: 823.203

Sheet Todos os Dados (selection)
A1: Versão | B1: Tamanho Array | C1: Arquivo | D1: Consumo Energia (Joules) | E1: User Time (ms) | F1: System Time (ms) | G1: Duration Time (ms) | H1: CPU Time (ms)
A2: v1 | B2: 10000 | C2: selection_v1_10000_1.csv | D2: 39.51 | E2: 1319.765 | F2: 3.987 | G2: 1332.2316 | H2: 1323.752
A3: v1 | B3: 10000 | C3: selection_v1_10000_10.csv | D3: 41.05 | E3: 1315.625 | F3: 0 | G3: 1322.7336 | H3: 1315.625
A4: v1 | B4: 10000 | C4: selection_v1_10000_2.csv | D4: 40.27 | E4: 1317.873 | F4: 0 | G4: 1325.2971 | H4: 1317.873
A5: v1 | B5: 10000 | C5: selection_v1_10000_3.csv | D5: 40.12 | E5: 1311.748 | F5: 3.987 | G5: 1323.7264 | H5: 1315.735
A6: v1 | B6: 10000 | C6: selection_v1_10000_4.csv | D6: 40.67 | E6: 1287.383 | F6: 4.023 | G6: 1297.8358 | H6: 1291.406
A7: v1 | B7: 10000 | C7: selection_v1_10000_5.csv | D7: 38.99 | E7: 1319.754 | F7: 4.011 | G7: 1330.7964 | H7: 1323.765
A8: v1 | B8: 10000 | C8: selection_v1_10000_6.csv | D8: 41.15 | E8: 1312.408 | F8: 3.989 | G8: 1324.1872 | H8: 1316.397
A9: v1 | B9: 10000 | C9: selection_v1_10000_7.csv | D9: 41.82 | E9: 1317.911 | F9: 4.005 | G9: 1328.945 | H9: 1321.916
A10: v1 | B10: 10000 | C10: selection_v1_10000_8.csv | D10: 41 | E10: 1277.373 | F10: 8.033 | G10: 1293.848 | H10: 1285.406
A11: v1 | B11: 10000 | C11: selection_v1_10000_9.csv | D11: 41.07 | E11: 1360.072 | F11: 4.012 | G11: 1374.2439 | H11: 1364.084
A12: v1 | B12: 20000 | C12: selection_v1_20000_1.csv | D12: 162.84 | E12: 5214.18 | F12: 3.998 | G12: 5224.5933 | H12: 5218.178
A13: v1 | B13: 20000 | C13: selection_v1_20000_10.csv | D13: 159.95 | E13: 5226.302 | F13: 3.998 | G13: 5249.4147 | H13: 5230.3
... A61: v2 | B61: 50000 | C61: selection_v2_50000_9.csv | D61: 4.67 | E61: 155.152 | F61: 0 | G61: 175.04152 | H61: 155.152

Sheet Selection Versão 1
A1: Versão | B1: Tamanho Array | C1: Arquivo | D1: Consumo Energia (Joules) | E1: User Time (ms) | F1: System Time (ms) | G1: Duration Time (ms) | H1: CPU Time (ms)
A2: v1 | B2: 10000 | C2: selection_v1_10000_1.csv | D2: 39.51 | E2: 1319.765 | F2: 3.987 | G2: 1332.2316 | H2: 1323.752
A3: v1 | B3: 10000 | C3: selection_v1_10000_10.csv | D3: 41.05 | E3: 1315.625 | F3: 0 | G3: 1322.7336 | H3: 1315.625
A4: v1 | B4: 10000 | C4: selection_v1_10000_2.csv | D4: 40.27 | E4: 1317.873 | F4: 0 | G4: 1325.2971 | H4: 1317.873
A5: v1 | B5: 10000 | C5: selection_v1_10000_3.csv | D5: 40.12 | E5: 1311.748 | F5: 3.987 | G5: 1323.7264 | H5: 1315.735
A6: v1 | B6: 10000 | C6: selection_v1_10000_4.csv | D6: 40.67 | E6: 1287.383 | F6: 4.023 | G6: 1297.8358 | H6: 1291.406
A7: v1 | B7: 10000 | C7: selection_v1_10000_5.csv | D7: 38.99 | E7: 1319.754 | F7: 4.011 | G7: 1330.7964 | H7: 1323.765
A8: v1 | B8: 10000 | C8: selection_v1_10000_6.csv | D8: 41.15 | E8: 1312.408 | F8: 3.989 | G8: 1324.1872 | H8: 1316.397
A9: v1 | B9: 10000 | C9: selection_v1_10000_7.csv | D9: 41.82 | E9: 1317.911 | F9: 4.005 | G9: 1328.945 | H9: 1321.916
A10: v1 | B10: 10000 | C10: selection_v1_10000_8.csv | D10: 41 | E10: 1277.373 | F10: 8.033 | G10: 1293.848 | H10: 1285.406
A11: v1 | B11: 10000 | C11: selection_v1_10000_9.csv | D11: 41.07 | E11: 1360.072 | F11: 4.012 | G11: 1374.2439 | H11: 1364.084
A12: v1 | B12: 20000 | C12: selection_v1_20000_1.csv | D12: 162.84 | E12: 5214.18 | F12: 3.998 | G12: 5224.5933 | H12: 5218.178
A13: v1 | B13: 20000 | C13: selection_v1_20000_10.csv | D13: 159.95 | E13: 5226.302 | F13: 3.998 | G13: 5249.4147 | H13: 5230.3
... A31: v1 | B31: 50000 | C31: selection_v1_50000_9.csv | D31: 1137.19 | E31: 32865.032 | F31: 0 | G31: 32885.813 | H31: 32865.032

Sheet Selection Versão 2
A1: Versão | B1: Tamanho Array | C1: Arquivo | D1: Consumo Energia (Joules) | E1: User Time (ms) | F1: System Time (ms) | G1: Duration Time (ms) | H1: CPU Time (ms)
A2: v2 | B2: 10000 | C2: selection_v2_10000_1.csv | D2: 1.36 | E2: 36.803 | F2: 4.089 | G2: 48.348722 | H2: 40.892
A3: v2 | B3: 10000 | C3: selection_v2_10000_10.csv | D3: 0.95 | E3: 47.374 | F3: 0 | G3: 53.729876 | H3: 47.374
A4: v2 | B4: 10000 | C4: selection_v2_10000_2.csv | D4: 1.19 | E4: 43.315 | F4: 0 | G4: 51.289208 | H4: 43.315
A5: v2 | B5: 10000 | C5: selection_v2_10000_3.csv | D5: 1.08 | E5: 45.07 | F5: 0 | G5: 52.187044 | H5: 45.07
A6: v2 | B6: 10000 | C6: selection_v2_10000_4.csv | D6: 1.44 | E6: 36.686 | F6: 4.076 | G6: 49.002352 | H6: 40.762
A7: v2 | B7: 10000 | C7: selection_v2_10000_5.csv | D7: 1.21 | E7: 39.476 | F7: 4.386 | G7: 50.800388 | H7: 43.862
A8: v2 | B8: 10000 | C8: selection_v2_10000_6.csv | D8: 1.34 | E8: 24.832 | F8: 16.555 | G8: 48.097764 | H8: 41.387
A9: v2 | B9: 10000 | C9: selection_v2_10000_7.csv | D9: 1.21 | E9: 36.181 | F9: 8.04 | G9: 50.476762 | H9: 44.221
A10: v2 | B10: 10000 | C10: selection_v2_10000_8.csv | D10: 1.47 | E10: 33.219 | F10: 7.382 | G10: 49.545583 | H10: 40.601
A11: v2 | B11: 10000 | C11: selection_v2_10000_9.csv | D11: 1.48 | E11: 38.034 | F11: 3.803 | G11: 48.87171 | H11: 41.837
A12: v2 | B12: 20000 | C12: selection_v2_20000_1.csv | D12: 2.44 | E12: 71.754 | F12: 7.972 | G12: 150.32879 | H12: 79.726
A13: v2 | B13: 20000 | C13: selection_v2_20000_10.csv | D13: 2.18 | E13: 61.439 | F13: 7.679 | G13: 89.544245 | H13: 69.118
... A31: v2 | B31: 50000 | C31: selection_v2_50000_9.csv | D31: 4.67 | E31: 155.152 | F31: 0 | G31: 175.04152 | H31: 155.152
